Date,Open,High,Low,Close,AdjClose,Volume
2024-09-19,164.15,164.2,159.91,160.7,158.49,7465000
2024-09-20,160.39,162.7,159.42,162.56,160.32,11097500
2024-09-23,162.56,164.19,161.23,163.88,161.63,6342500
2024-09-24,165.12,167.31,163.4,167.1,164.8,5400000
2024-09-25,167.1,167.24,165.95,167.03,164.73,4917500
2024-09-26,168.41,170.92,167.88,170.76,168.41,5347500
2024-09-27,170.76,170.84,169.24,169.92,167.59,4065000
2024-09-30,168.81,169.13,167.33,168.48,166.17,5445000
2024-10-01,169.12,169.12,163.41,164.04,161.78,5962500
2024-10-02,164.04,165.15,162.89,165.0,162.73,4112500
2024-10-03,163.2,164.54,162.44,164.16,161.91,3015000
2024-10-04,166.59,167.87,165.37,167.51,165.2,4190000
2024-10-07,167.03,170.25,166.38,166.79,164.5,4612500
2024-10-08,167.2,170.4,167.2,169.33,167.0,4022500
2024-10-09,169.16,172.19,169.09,171.68,169.32,3847500
2024-10-10,171.56,172.32,170.69,171.53,169.17,3110000
2024-10-11,172.0,173.14,171.11,171.39,169.03,3125000
2024-10-14,171.9,172.73,171.36,171.91,169.54,3495000
2024-10-15,171.13,174.85,170.98,172.31,169.94,4570000
2024-10-16,172.02,174.24,171.15,173.49,171.1,3100000
2024-10-17,174.4,175.8,174.28,174.83,172.43,3717500
2024-10-18,174.83,175.11,173.38,174.03,171.64,3652500
2024-10-21,172.93,175.04,172.93,174.55,172.15,3307500
2024-10-22,173.27,175.8,173.23,175.11,172.7,3105000
2024-10-23,174.16,174.81,170.82,172.52,170.15,4445000
2024-10-24,172.0,173.65,171.57,173.55,171.16,3995000
2024-10-25,175.0,175.0,173.37,173.91,171.52,3740000
2024-10-28,175.2,175.2,172.8,173.9,171.51,5382500
2024-10-29,173.29,177.63,173.29,177.1,174.67,5047500
2024-10-30,175.4,179.12,175.4,178.56,176.1,8017500
2024-10-31,189.36,194.26,185.75,187.05,184.48,12850000
2024-11-01,186.76,191.6,186.76,189.96,187.35,12992500
2024-11-04,190.88,193.0,189.13,191.06,188.43,5000000
2024-11-05,190.8,196.64,190.8,196.6,193.9,9630000
2024-11-06,201.47,202.42,197.69,200.05,197.3,6807500
2024-11-07,200.53,200.68,196.52,196.83,194.13,8380000
2024-11-08,196.91,199.02,196.91,197.73,195.01,7060000
2024-11-11,197.44,202.78,197.44,202.62,199.83,4385000
2024-11-12,201.16,202.03,199.85,200.92,198.15,7787500
2024-11-13,199.92,201.36,198.89,199.5,196.75,4982500
2024-11-14,198.32,199.8,198.08,198.84,196.1,6052500
2024-11-15,198.8,199.19,197.3,199.01,196.27,5890000
2024-11-18,198.78,201.18,197.24,200.71,197.95,5730000
2024-11-19,199.75,199.75,197.48,199.08,196.34,5115000
2024-11-20,198.67,200.76,196.28,200.66,197.9,4185000
2024-11-21,202.02,208.47,200.66,208.44,205.57,6067500
2024-11-22,208.1,208.64,205.63,207.09,204.24,6165000
2024-11-25,208.52,209.48,202.95,204.35,201.54,11112500
2024-11-26,204.4,208.6,204.4,208.59,205.72,4067500
2024-11-27,207.51,209.2,206.44,208.93,206.05,4277500
2024-11-29,207.09,209.2,207.09,208.08,205.22,3317500
2024-12-02,208.26,209.33,207.4,208.97,206.1,5147500
2024-12-03,208.97,210.33,208.17,208.58,205.71,4897500
2024-12-04,208.0,209.95,206.47,209.73,206.84,5080000
2024-12-05,210.16,213.2,208.0,211.52,208.61,4592500
2024-12-06,210.4,213.49,210.4,212.01,209.44,4707500
2024-12-09,209.6,211.21,205.68,205.98,203.49,6825000
2024-12-10,206.96,208.95,204.46,207.41,204.9,6367500
2024-12-11,210.13,211.82,208.75,211.72,209.15,4910000
2024-12-12,212.0,213.49,210.23,210.76,208.2,3687500
2024-12-13,209.6,210.42,208.54,209.1,206.57,4102500
2024-12-16,208.27,209.26,205.65,206.09,203.59,8562500
2024-12-17,205.16,207.09,204.39,206.2,203.7,5512500
2024-12-18,206.2,206.69,197.59,197.73,195.34,7907500
2024-12-19,199.88,200.83,197.87,199.22,196.8,6955000
2024-12-20,198.22,203.41,198.22,201.94,199.5,11595000
2024-12-23,202.67,202.86,200.2,202.52,200.07,4130000
2024-12-24,203.45,204.92,202.03,204.92,202.43,1965000
2024-12-26,203.76,205.03,203.71,203.84,201.37,1717500
2024-12-27,202.4,203.15,200.65,201.5,199.05,2912500
2024-12-30,199.7,200.66,197.52,199.63,197.22,3692500
2024-12-31,199.6,200.29,198.53,198.74,196.33,2632500
2025-01-02,199.63,201.6,195.87,197.01,194.62,3532500
2025-01-03,197.51,198.48,195.15,196.15,193.78,4137500
2025-01-06,197.71,197.71,193.82,196.39,194.01,6955000
2025-01-07,195.26,195.57,191.52,191.84,189.52,5507500
2025-01-08,192.36,195.09,191.42,194.9,192.54,6657500
2025-01-10,192.37,193.43,188.01,189.58,187.28,7655000
2025-01-13,188.41,191.22,186.41,190.56,188.25,5247500
2025-01-14,191.27,192.36,190.04,191.15,188.84,5152500
2025-01-15,194.07,195.98,192.63,193.19,190.84,5757500
2025-01-16,192.71,196.06,191.93,194.6,192.24,4710000
2025-01-17,198.0,199.08,195.78,197.07,194.68,6502500
2025-01-21,197.02,197.38,184.6,187.46,185.18,10147500
2025-01-22,187.26,188.18,183.84,184.77,182.53,9322500
2025-01-23,184.83,192.9,184.36,192.73,190.39,10057500
2025-01-24,192.08,193.12,188.95,190.6,188.29,6000000
2025-01-27,186.27,191.25,186.27,187.01,184.75,7490000
2025-01-28,186.8,190.06,186.4,187.39,185.12,8275000
2025-01-29,188.22,189.76,187.55,188.87,186.59,4477500
2025-01-30,191.57,191.57,188.0,190.97,188.66,5925000
2025-01-31,191.84,193.2,188.44,189.5,187.21,6130000
2025-02-03,186.81,189.71,184.22,187.72,185.44,6290000
2025-02-04,186.82,189.14,186.23,187.16,184.89,6545000
2025-02-05,187.54,191.15,187.36,187.98,185.7,5465000
2025-02-06,189.23,193.88,189.2,191.19,188.87,10700000
2025-02-07,195.4,202.91,194.76,195.5,193.13,10765000
2025-02-10,198.51,199.48,196.24,196.54,194.16,4795000
2025-02-11,195.84,197.27,194.54,195.89,193.52,4435000
2025-02-12,195.08,200.83,195.08,200.72,198.29,4972500
2025-02-13,202.38,203.16,199.37,200.35,197.92,5610000
2025-02-14,203.42,203.42,199.02,201.78,199.33,5062500
2025-02-18,204.34,206.6,202.41,205.68,203.18,6947500
2025-02-19,206.74,206.74,201.72,204.42,201.95,4680000
2025-02-20,204.4,204.4,199.03,200.73,198.3,7540000
2025-02-21,208.54,211.28,198.8,199.63,197.21,18112500
2025-02-24,200.16,204.12,199.92,201.96,199.52,8755000
2025-02-25,203.6,203.6,198.08,201.35,198.91,8975000
2025-02-26,202.32,205.16,201.0,201.38,198.94,6430000
2025-02-27,201.68,201.85,196.67,196.73,194.34,5240000
2025-02-28,197.53,200.64,195.84,200.64,198.21,7635000
2025-03-03,200.64,202.19,196.56,197.85,195.45,8797500
2025-03-04,193.98,198.72,191.63,195.94,193.56,9742500
2025-03-05,195.78,197.98,193.69,196.7,194.31,5327500
2025-03-06,192.64,194.87,187.45,187.84,185.56,7640000
2025-03-07,187.15,189.02,184.06,186.94,185.05,7422500
2025-03-10,183.33,183.33,176.24,178.04,176.24,9020000
2025-03-11,176.0,177.18,172.32,174.14,172.38,10085000
2025-03-12,176.6,176.89,172.03,176.02,174.24,7642500
2025-03-13,175.28,176.02,171.18,171.82,170.08,7977500
2025-03-14,174.48,178.62,174.13,178.62,176.82,6322500
2025-03-17,178.97,184.31,178.47,182.54,180.69,7105000
2025-03-18,182.38,182.62,176.67,178.86,177.05,7152500
2025-03-19,177.93,185.5,177.93,183.68,181.82,6960000
2025-03-20,182.76,186.11,181.89,183.56,181.71,5982500
2025-03-21,181.25,185.8,178.29,184.69,182.83,14360000
2025-03-24,186.97,189.12,186.3,188.39,186.49,5800000
2025-03-25,188.91,191.78,188.91,191.12,189.19,6622500
2025-03-26,191.12,191.28,189.28,190.57,188.64,4482500
2025-03-27,189.6,192.29,184.56,190.11,188.19,4850000
2025-03-28,190.11,190.11,185.18,185.37,183.5,4635000
2025-03-31,180.91,185.04,177.63,184.28,182.42,8985000
2025-04-01,182.88,187.76,181.19,187.43,185.54,5550000
2025-04-02,184.98,189.18,184.98,187.57,185.68,4835000
2025-04-03,179.57,180.95,175.34,178.02,176.22,9857500
2025-04-04,172.89,180.53,171.36,171.36,169.63,12712500
2025-04-07,166.8,178.56,164.3,169.79,168.07,13960000
2025-04-08,175.0,177.22,165.18,166.57,164.88,8772500
2025-04-09,165.05,186.15,163.85,184.65,182.79,15065000
2025-04-10,181.02,182.35,174.95,179.79,177.97,10582500
2025-04-11,180.33,185.75,177.4,183.46,181.61,7625000
2025-04-14,188.07,188.07,181.9,182.27,180.43,7202500
2025-04-15,184.0,184.7,180.96,184.5,182.64,5392500
2025-04-16,182.95,185.11,179.67,181.63,179.8,6220000
2025-04-17,183.46,184.18,180.67,182.93,181.09,5420000
2025-04-21,182.67,183.15,174.84,177.51,175.71,5887500
2025-04-22,178.6,184.34,178.28,183.92,182.07,5907500
2025-04-23,188.79,192.0,186.6,189.24,187.33,5947500
2025-04-24,188.24,193.75,187.67,193.12,191.17,5950000
2025-04-25,193.14,195.14,191.74,193.54,191.58,4740000
2025-04-28,195.2,196.65,192.97,195.6,193.62,5822500
2025-04-29,194.0,197.2,193.67,196.37,194.39,9307500
2025-04-30,189.29,204.65,188.91,203.97,201.91,11450000
2025-05-01,200.09,206.4,198.8,204.06,202.0,7790000
2025-05-02,207.16,209.07,204.73,208.11,206.01,6772500
2025-05-05,207.0,210.0,207.0,207.64,205.55,4812500
2025-05-06,207.61,208.64,206.08,206.49,204.41,4567500
2025-05-07,206.55,209.14,205.3,207.85,205.75,3935000
2025-05-08,208.04,209.53,206.61,206.61,204.53,5227500
2025-05-09,205.64,206.06,201.52,202.9,200.85,5710000
2025-05-12,207.17,209.2,203.54,207.8,205.7,7345000
2025-05-13,206.49,212.1,206.05,210.5,208.37,6340000
2025-05-14,210.34,211.55,207.3,208.66,206.56,4887500
2025-05-15,208.56,211.42,208.36,209.51,207.39,3890000
2025-05-16,210.69,213.3,208.84,212.68,210.54,5012500
2025-05-19,212.6,215.2,209.09,215.12,212.95,3967500
2025-05-20,213.32,215.0,211.6,212.43,210.28,4460000
2025-05-21,211.46,213.36,210.44,211.73,209.6,3272500
2025-05-22,211.9,214.07,211.44,213.68,211.52,3400000
2025-05-23,211.23,213.49,210.91,213.31,211.16,3810000
2025-05-27,214.28,218.87,214.28,218.07,215.87,6442500
2025-05-28,218.07,220.2,218.07,219.01,216.8,4715000
2025-05-29,219.2,220.39,217.44,220.08,217.86,4840000
2025-05-30,220.4,221.3,219.08,220.76,218.53,5817500
2025-06-02,220.0,221.78,218.85,221.56,219.32,3417500
2025-06-03,220.56,222.42,218.59,219.0,216.79,5310000
2025-06-04,218.95,222.4,218.94,222.28,220.04,5230000
2025-06-05,223.0,225.59,222.0,222.82,220.57,4642500
2025-06-06,224.62,225.25,222.15,224.58,222.7,4352500
2025-06-09,224.05,224.94,221.14,221.58,219.72,4982500
2025-06-10,221.2,221.85,217.41,219.52,217.68,4465000
2025-06-11,219.52,219.73,215.6,218.65,216.82,6570000
2025-06-12,218.6,219.52,217.03,218.48,216.65,4832500
2025-06-13,213.8,214.93,210.89,211.94,210.16,6550000
2025-06-16,213.0,215.19,212.52,214.76,212.96,5607500
2025-06-17,212.5,215.57,211.4,212.04,210.26,4905000
2025-06-18,212.28,214.08,211.09,211.45,209.68,4525000
2025-06-20,215.12,215.12,211.0,212.16,210.38,11047500
2025-06-23,213.61,214.0,209.43,213.34,211.55,4390000
2025-06-24,215.6,220.73,215.14,219.29,217.45,5850000
2025-06-25,218.61,220.89,217.6,219.41,217.57,4432500
2025-06-26,220.83,225.3,220.06,223.84,221.96,5482500
2025-06-27,224.71,228.46,224.55,227.73,225.82,7440000
2025-06-30,228.16,231.96,227.66,231.57,229.63,7192500
2025-07-01,229.63,231.83,227.25,229.23,227.31,5652500
2025-07-02,227.6,228.41,225.6,228.07,226.16,5285000
2025-07-03,227.89,230.42,226.12,228.67,226.75,3280000
2025-07-07,229.02,232.64,228.32,232.64,230.69,4400000
2025-07-08,232.6,233.58,227.12,228.53,226.62,5922500
2025-07-09,230.41,230.68,226.12,226.72,224.82,4625000
2025-07-10,228.88,230.65,226.57,228.74,226.82,4230000
2025-07-11,227.7,229.02,226.43,228.68,226.77,3772500
2025-07-14,227.89,230.8,227.56,230.64,228.71,3352500
2025-07-15,229.74,231.6,225.6,227.02,225.12,4092500
2025-07-16,226.12,227.09,225.01,226.33,224.43,4225000
2025-07-17,226.26,228.74,225.86,227.36,225.45,3537500
2025-07-18,229.98,229.98,227.36,228.12,226.2,3677500
2025-07-21,226.6,228.66,226.0,227.09,225.18,3907500
2025-07-22,228.8,231.44,227.1,231.02,229.08,3590000
2025-07-23,230.64,230.78,227.2,229.45,227.53,3737500
2025-07-24,229.84,230.35,225.76,226.0,224.1,4312500
2025-07-25,227.14,227.21,224.97,225.29,223.4,4620000
2025-07-28,225.55,227.4,223.33,227.15,225.25,5640000
2025-07-29,227.84,227.84,221.67,223.63,221.76,8110000
2025-07-30,219.6,227.66,217.28,224.52,222.63,9285000
2025-07-31,225.0,226.58,219.75,220.16,218.32,7210000
2025-08-01,219.18,219.18,213.56,215.45,213.64,4990000
2025-08-04,216.48,219.24,213.58,219.04,217.21,5922500
2025-08-05,220.16,220.3,216.39,218.31,216.48,5545000
2025-08-06,218.98,221.55,216.6,221.45,219.6,4975000
2025-08-07,222.0,223.6,216.23,217.28,215.46,5065000
2025-08-08,218.16,218.16,214.66,216.24,214.42,4720000
2025-08-11,215.27,217.27,213.96,214.57,212.77,4372500
2025-08-12,214.57,218.73,214.57,218.46,216.63,3612500
2025-08-13,219.33,219.33,216.13,217.92,216.09,4762500
2025-08-14,218.68,220.77,216.76,219.39,217.55,4495000
2025-08-15,220.58,220.58,217.49,218.17,216.34,3950000
2025-08-18,217.96,221.44,216.78,221.28,219.42,4237500
2025-08-19,221.56,224.1,221.05,223.36,221.49,4995000
2025-08-20,223.36,225.91,223.29,225.59,223.7,4387500
2025-08-21,225.91,228.59,223.96,228.43,226.51,3907500
2025-08-22,229.01,231.8,226.6,228.83,226.92,4887500
2025-08-25,228.33,230.98,228.0,228.14,226.23,2890000
2025-08-26,228.03,229.13,225.75,228.23,226.31,4272500
2025-08-27,227.05,227.72,223.24,224.63,222.74,3780000
2025-08-28,225.2,226.63,223.8,226.08,224.18,4197500
2025-08-29,225.37,225.37,223.51,223.96,222.08,3472500
2025-09-02,223.09,223.09,218.28,220.22,218.38,6115000
2025-09-03,220.99,223.88,219.4,223.32,221.45,4745000
2025-09-04,222.8,223.94,218.16,223.43,221.56,5510000
2025-09-05,223.76,226.1,218.2,220.23,218.76,5060000
2025-09-08,221.14,225.54,220.4,222.79,221.3,5350000
2025-09-09,221.87,224.18,220.7,222.87,221.38,3970000
2025-09-10,222.56,222.56,215.01,218.99,217.53,6242500
2025-09-11,218.99,221.48,216.4,219.92,218.45,4495000
2025-09-12,218.44,220.8,217.51,218.33,216.87,3220000
2025-09-15,220.0,222.4,216.96,222.39,220.91,4127500
2025-09-16,223.06,223.06,217.2,219.0,217.54,4307500
2025-09-17,219.75,222.3,218.2,222.15,220.66,5287500
2025-09-18,222.28,223.51,216.43,217.72,216.26,5870000
2025-09-19,217.92,218.63,216.0,217.78,216.32,10512500
2025-09-22,216.0,219.09,214.8,218.29,216.83,5360000
2025-09-23,217.0,220.7,216.96,220.36,218.89,4477500
2025-09-24,221.12,221.12,217.14,221.02,219.55,3805000
2025-09-25,220.92,223.29,218.16,223.03,221.54,6130000
2025-09-26,223.14,223.46,219.28,221.92,220.44,4057500
2025-09-29,222.87,223.44,217.92,218.19,216.74,5932500
2025-09-30,217.08,218.32,214.04,215.97,214.53,4937500
2025-10-01,214.08,215.01,210.0,214.02,212.59,8105000
2025-10-02,213.02,217.24,212.04,216.98,215.53,5212500
2025-10-03,217.98,218.63,214.81,216.72,215.27,6740000
2025-10-06,214.72,225.0,210.4,216.79,215.35,8847500
2025-10-07,216.89,216.89,207.52,209.68,208.28,6615000
2025-10-08,208.92,209.53,204.4,205.25,203.88,7227500
2025-10-09,203.31,208.43,201.55,207.68,206.29,5562500
2025-10-10,207.77,209.6,205.23,206.6,205.22,4922500
2025-10-13,208.15,210.53,206.78,210.15,208.75,5117500
2025-10-14,208.39,212.73,207.84,211.21,209.8,5175000
2025-10-15,211.68,211.68,202.52,203.23,201.88,6875000
2025-10-16,202.39,203.51,197.23,198.09,196.77,7642500
2025-10-17,197.96,203.35,196.94,202.8,201.45,7307500
2025-10-20,204.23,206.92,203.22,205.68,204.3,7477500
2025-10-21,205.6,212.4,204.36,211.44,210.03,7612500
2025-10-22,213.12,213.12,208.27,209.22,207.83,4895000
2025-10-23,210.32,210.32,203.22,203.74,202.38,7767500
2025-10-24,205.2,207.04,203.2,205.85,204.47,5637500
2025-10-27,209.39,210.54,208.11,210.18,208.77,5372500
2025-10-28,209.62,211.0,204.82,204.82,203.45,10177500
2025-10-29,208.0,208.8,197.13,203.03,201.68,11540000
2025-10-30,202.54,211.19,202.2,203.21,201.85,8150000
2025-10-31,202.61,204.39,201.18,203.11,201.75,4430000
2025-11-03,202.54,203.41,199.33,201.22,199.88,5672500
2025-11-04,199.94,203.2,198.14,199.67,198.34,5670000
2025-11-05,199.24,199.56,195.48,196.45,195.13,6372500
2025-11-06,195.2,197.2,194.22,195.96,194.65,7330000
2025-11-07,196.7,200.58,196.2,197.6,196.28,6785000
2025-11-10,198.24,201.34,197.73,198.34,197.01,6580000
2025-11-11,198.92,202.88,198.34,202.03,200.68,5090000
2025-11-12,202.2,207.32,200.73,207.02,205.64,6045000
2025-11-13,208.37,209.43,202.52,203.02,201.67,7342500
2025-11-14,203.27,205.15,200.82,201.92,200.57,5137500
2025-11-17,201.2,203.56,190.92,192.16,190.88,10437500
2025-11-18,191.93,194.5,190.2,191.32,190.04,8140000
2025-11-19,190.81,191.54,186.5,187.63,186.38,8655000
2025-11-20,186.92,188.3,182.84,183.32,182.1,9042500
2025-11-21,184.02,191.99,184.02,190.72,189.45,11915000
2025-11-24,193.34,196.0,192.45,195.01,193.71,10055000
2025-11-25,195.3,198.09,194.68,196.25,194.94,8380000
2025-11-26,195.99,198.0,195.57,196.47,195.16,7092500
2025-11-28,196.19,198.1,195.41,196.59,195.27,3332500
